first_name,middle_name,last_name,gender,birthday,email
Patricio,,Manzanares,M,1953-10-04,patricio.manzanares@gmail.com
Sofía,Lorena,Manzanares,F,1947-11-30,sofía.manzanares@hotmail.com
Jaime,Emanuelly Heather,Tolentino,F,1984-07-10,jaime.tolentino@yahoo.com
Oreste,Ajimin,Tolentino,M,1985-03-19,oreste.tolentino@gmail.com
Alexandre,John,Tolentino,T,2016-02-05,alexandre.tolentino@yahoo.com
Alessandra,Leonardo,Anderson,F,1968-05-31,alessandra.anderson@yahoo.com
Marvin,Joseph,Anderson,M,1966-07-30,marvin.anderson@yahoo.com
Josep,Michelotto,Anderson,GN,2015-11-17,josep.anderson@gmail.com
Jennifer,Rebekah,Meyer,F,1983-09-05,jennifer.meyer@hotmail.com
Virginia,Rosita,Meza,F,1996-06-09,virginia.meza@yahoo.com
Heather,Amanda,Martins,F,1991-09-21,heather.martins@gmail.com
Aldo,Viktor,Douglas,M,2000-02-09,aldo.douglas@hotmail.com
Jonathan,,Jackson,M,2000-05-14,jonathan.jackson@walker.com
Darryl,Mandy,Schweizer,T,1985-06-17,darryl.schweizer@gmail.com
Alejandro,,Vaněk,M,1991-03-13,alejandro.vaněk@huffman.com
Anežka,Sarah,Naser,F,1992-06-10,anežka.naser@byrd-ritter.info
Deanna,Sevim,Espada,F,1963-09-01,deanna.espada@oneal.com
Nada,René,Rivero,F,1990-12-27,nada.rivero@hotmail.com
Ann,Sue,Rice,F,1991-01-22,ann.rice@hotmail.com
Juan,David,Redondo,M,1998-05-27,juan.redondo@miller.com
Daniela,Kimberly José Eduardo,Garcia,F,1978-02-21,daniela.garcia@richardson.com
Christina,Helen Martha,Fuentes,F,2001-10-27,christina.fuentes@hotmail.com
Joseph,Breno,Jäntsch,M,1987-01-27,joseph.jäntsch@gmail.com
Amy,Sheri,Jäntsch,F,1988-02-20,amy.jäntsch@yahoo.com
Casey,Jessica,Abascal,F,1991-12-20,casey.abascal@yahoo.com
Nathaniel,Kelsey Josefina,Dixon,NB,1991-07-28,nathaniel.dixon@yahoo.com
Román,Joachim,Johnson,M,2004-08-19,román.johnson@gmail.com
Alexander,Noemí,Díaz,T,1988-08-17,alexander.díaz@brown-lewis.com
Katie,Saturnina,Hernandez,F,1984-11-17,katie.hernandez@hotmail.com
Ludovica,Cassandra,Valbuena,NA,1996-08-04,ludovica.valbuena@yahoo.com
Iván,Liliana Lindsey,Quintero,F,1951-03-16,iván.quintero@yahoo.com
Èric,Frank Macario,Quintero,M,1950-11-28,èric.quintero@yahoo.com
Emanuel,Michael Adolfo,Thompson,M,1971-08-29,emanuel.thompson@gmail.com
Tiffany,Donna,Thompson,F,1971-10-06,tiffany.thompson@hotmail.com
José Emilio,Kateřina,Thompson,F,2017-08-27,josé.emilio.thompson@yahoo.com
Araceli,Elizabeth,Almanza,F,1986-05-08,araceli.almanza@hotmail.com
Ruben,Luis,Almanza,M,1990-04-02,ruben.almanza@hotmail.com
Lucía,Jacqueline José Manuél,Almanza,F,2014-11-20,lucía.almanza@yahoo.com
Joyce,Scott,Almanza,NB,2017-06-04,joyce.almanza@yahoo.com
Shirley,Taylor Wendy,Almanza,F,2018-06-24,shirley.almanza@gmail.com
Valèria,Stacy,Lippomano,F,1999-06-13,valèria.lippomano@yahoo.com
Robert,Justin Tyler,Simpson,M,1977-10-23,robert.simpson@gmail.com
David,Simón Terry,Rocha,M,1981-03-07,david.rocha@wolfe.com
Raul,,Bonilla,M,1986-11-24,raul.bonilla@gmail.com
Ezio,Samuel,Gonzales,M,1983-04-05,ezio.gonzales@gonzalez.com
Brenda,Alessia Elizabeth,Galindo,T,1978-12-27,brenda.galindo@yahoo.com
Lisa,Elizabeth,Novaes,F,1991-03-28,lisa.novaes@yahoo.com
Jackson,Laureano,Collins,M,1996-03-04,jackson.collins@gmail.com
Bethany,Cristina Isabel,Thompson,F,1985-01-30,bethany.thompson@yahoo.com
Jorge Luis,John,Aramburu,M,1990-07-09,jorge.luis.aramburu@gmail.com
Lucca,Sigfrido,Asenjo,M,1994-10-13,lucca.asenjo@hotmail.com
Loni,Francesca,Solsona,F,2000-12-25,loni.solsona@gmail.com
Emily,Maria Vitória,White,F,1985-12-04,emily.white@gmail.com
Robert,Homero Joshua,Williams,M,1990-01-21,robert.williams@hotmail.com
Gabriel,Austin,Erickson,M,1970-05-05,gabriel.erickson@yahoo.com
Carmen,Armando,Erickson,F,1968-10-23,carmen.erickson@hotmail.com
Derek,Crystal,Erickson,GN,2013-03-10,derek.erickson@hotmail.com
Arcelia,Dominic Juan Antonio,Johnson,M,1952-10-17,arcelia.johnson@allen-floyd.net
Pauline,,Robinson,F,1988-01-23,pauline.robinson@hotmail.com
Jeremy,Luan,Robinson,M,1990-11-10,jeremy.robinson@hotmail.com
Natalie,Cassandra,Robinson,F,2011-04-08,natalie.robinson@gmail.com
Zoé,Benito,Robinson,M,2017-01-26,zoé.robinson@hotmail.com
Jody,Lisa,Robinson,F,2013-07-17,jody.robinson@hotmail.com
Luiza,María Teresa,Robinson,F,2010-10-09,luiza.robinson@hotmail.com
Adelina,,Duarte,F,1999-09-30,adelina.duarte@gmail.com
Luis,Thomas,Spencer,M,1982-09-16,luis.spencer@hotmail.com
Graciela,Katerina Rosie,Marshall,F,1990-03-21,graciela.marshall@johnson.com
Juan Pablo,Donald,Benussi,M,1967-12-04,juan.pablo.benussi@vargas.org
Carla,Ana Júlia,Pelli,F,1983-03-01,carla.pelli@gmail.com
Gangsar,Yan,Walker,M,1991-03-17,gangsar.walker@gmail.com
Gazmend,Connor,Beneš,M,1990-11-30,gazmend.beneš@gmail.com
Ryan,,Tate,M,1991-02-21,ryan.tate@gmail.com
Berto,,Mcdaniel,M,1999-07-21,berto.mcdaniel@gmail.com
Peter,,Rojo,M,1988-08-22,peter.rojo@hotmail.com
Britt,Barbara,Rojo,F,1985-08-06,britt.rojo@yahoo.com
Verónica,Nicholas,Carsten,M,1973-06-06,verónica.carsten@krause-perez.com
Christopher,James Enzo,Waller,M,1983-10-18,christopher.waller@williams-alvarez.com
Jumadi,Gioffre Timoteo,Williams,M,1971-08-19,jumadi.williams@sanchez.info
Benito,Henry,Davids,M,1999-02-06,benito.davids@gmail.com
Douglas,Steven,Nguyen,M,1982-12-14,douglas.nguyen@yahoo.com
Valerie,,Brady,F,1990-08-16,valerie.brady@bailey-soto.com
Dalia,Alicia,Pope,F,1981-02-24,dalia.pope@yahoo.com
Tina,David Christopher,Bastida,GQ,1999-05-02,tina.bastida@gmail.com
Joshua,Pam,Williams,NA,1981-09-30,joshua.williams@gmail.com
Conor,Amador,Saura,M,1997-06-09,conor.saura@hotmail.com
Františka,Alisha,Oconnor,F,1935-04-16,františka.oconnor@yahoo.com
Marcus,Araceli,Oconnor,M,1938-04-16,marcus.oconnor@yahoo.com
Shannon,Rocío Laura,Tran,F,1992-12-22,shannon.tran@hotmail.com
Julie,Alyssa,Butler,F,1996-08-23,julie.butler@gonzalez-thompson.com
Herbert,Julian Zacarías,Nicholson,M,1975-07-05,herbert.nicholson@hotmail.com
Constanza,Cassandra Madison,Nicholson,F,1971-11-16,constanza.nicholson@hotmail.com
Amy,,Nicholson,F,2011-09-07,amy.nicholson@gmail.com
Martha,Milena Jennifer,Sebastián,F,1990-10-25,martha.sebastián@moss.org
Zaenab,Nancy María Teresa,Slater,F,1994-05-29,zaenab.slater@hotmail.com
Lucia,Eugenio,Teixeira,F,1944-04-07,lucia.teixeira@gmail.com
Libor,Ruben Verner,Teixeira,M,1942-01-30,libor.teixeira@gmail.com
Diego,,Weihmann,M,1987-12-16,diego.weihmann@becker.org
Jill,Angela,Roma,F,1999-10-18,jill.roma@hotmail.com
Jeremy,Steven,Spallanzani,M,1966-02-07,jeremy.spallanzani@gmail.com
Cristina,Kimberly Lalita,Spallanzani,F,1968-10-25,cristina.spallanzani@hotmail.com
Wilfredo,Pedro,Spallanzani,M,2019-01-30,wilfredo.spallanzani@hotmail.com
Serkan,,Spallanzani,M,2013-12-19,serkan.spallanzani@yahoo.com
Benito,Ernesto Mireille,Spallanzani,GN,2012-05-16,benito.spallanzani@hotmail.com
Amalia,Nancy,Daniel,F,1969-02-02,amalia.daniel@yahoo.com
María,José Luis,Daniel,M,1964-12-25,maría.daniel@gmail.com
Larry,Baccio,Daniel,M,2012-06-09,larry.daniel@yahoo.com
Carol,Chelo,Daniel,F,2014-09-23,carol.daniel@gmail.com
Vicki,Arlet,Andreasen,F,1995-06-24,vicki.andreasen@martinez.org
Kenneth,Serge,Riley,M,1968-11-27,kenneth.riley@yahoo.com
Mary,Carla Felix,Peters,F,1964-07-04,mary.peters@norris.com
Josefa,Alejandra,Barraza,F,1993-09-08,josefa.barraza@yahoo.com
Hans-Günther,Itzel,Reyes,M,1974-01-12,hans-günther.reyes@sanchez.org
Elisa,Dolores Karolína,Velazquez,F,1933-07-06,elisa.velazquez@gmail.com
Laila,Chiara Sofia,Águila,F,1986-11-11,laila.águila@hotmail.com
Marvin,Aurora,Becerra,M,1981-01-06,marvin.becerra@yahoo.com
Jeffrey,Gordon,Safitri,M,1993-09-07,jeffrey.safitri@hotmail.com
Pedro,,Baker,M,1981-05-21,pedro.baker@hotmail.com
Carol,Laura,Núñez,F,1993-10-29,carol.núñez@rodriguez-romero.com
Isabel,Ana Carolina,Cardenas,F,1998-03-20,isabel.cardenas@gmail.com
Melchor,David,Leonetti,M,1982-09-24,melchor.leonetti@steele-nichols.org
Soňa,Kimberly,Viana,GN,1950-12-28,soňa.viana@cohen-vasquez.com
Chris,Danu Mitzy,Bailey,NA,2000-04-10,chris.bailey@yahoo.com
Cecilio,,Hobbs,M,1986-07-27,cecilio.hobbs@horn.biz
Hüseyin,Arnau,Anderson,M,1988-10-28,hüseyin.anderson@bullock.com
Michele,Brenda Alexandra,Hammond,F,1943-04-06,michele.hammond@hotmail.com
Brian,Shaun,Hammond,M,1945-04-19,brian.hammond@gmail.com
Estefanía,Joachim Craig,Valentín,M,1977-07-31,estefanía.valentín@hotmail.com
Mario,Teresa,Valentín,F,1978-04-03,mario.valentín@gmail.com
Ghani,Camila,Valentín,NB,2011-07-18,ghani.valentín@gmail.com
Ayu,Cristobal,Stutz,T,2001-06-01,ayu.stutz@hotmail.com
Lilo,Carmen,Huertas,F,1990-09-04,lilo.huertas@gmail.com
Elaine,Tammy,Medina,F,2001-08-02,elaine.medina@gmail.com
Matthäus,Florencia,Nascimento,T,1978-06-08,matthäus.nascimento@hotmail.com
Christopher,Xavier,Hart,M,1994-07-18,christopher.hart@hotmail.com
Lisa,Cristian,Rodrígez,F,1961-06-23,lisa.rodrígez@hall.com
Burghard,Yago,Villareal,M,1969-02-13,burghard.villareal@gmail.com
Ashley,Noa,Galindo,F,1986-06-25,ashley.galindo@brown.com
Felix,Lilia Inés,Hernandez,F,1992-05-01,felix.hernandez@yahoo.com
Christina,Carrie,Arteaga,F,1998-09-22,christina.arteaga@yahoo.com
Marc,Gilberto,Posada,M,1986-06-04,marc.posada@gmail.com
Elizabeth,Patricia,Guevara,GQ,1998-06-23,elizabeth.guevara@hotmail.com
Shane,Jonathan Edward,Bermejo,M,1991-03-13,shane.bermejo@kirby.com
Jacopo,Anel,Evans,M,1979-02-15,jacopo.evans@gmail.com
Ámbar,Alvaro Allison,Stocker,F,1997-05-02,ámbar.stocker@yahoo.com
Kathy,Lori,Mercantini,F,1982-03-11,kathy.mercantini@hotmail.com
Karla,Micheal,Mercantini,M,1985-05-21,karla.mercantini@yahoo.com
Jessica,,Mercantini,F,2013-03-14,jessica.mercantini@hotmail.com
Ashley,Betty,Mercantini,F,2010-08-09,ashley.mercantini@hotmail.com
Paola,,Spencer,M,1991-10-09,paola.spencer@miller-glass.com
Ismael,Lucas Gabriel,Cook,M,1997-06-15,ismael.cook@hotmail.com
Giovanna,Kimberly,Howard,F,1991-09-23,giovanna.howard@yahoo.com
Pietro,Leticia Antônio,Howard,M,1993-06-26,pietro.howard@hotmail.com
Jeffrey,Hugo Rosa,Howard,M,2013-10-19,jeffrey.howard@hotmail.com
Jennifer,Noa,Howard,T,2014-09-17,jennifer.howard@yahoo.com
Aina,Salma Elba,Howard,F,2015-12-26,aina.howard@hotmail.com
Jose,Chlóe Flavio,Howard,NB,2018-10-03,jose.howard@gmail.com
Xavier,Juan Francisco,Lee,M,1986-04-12,xavier.lee@bennett-gilbert.com
Hannah,Kristina,Cedillo,F,1967-01-17,hannah.cedillo@gmail.com
Aleix,Mario,Cedillo,M,1969-08-04,aleix.cedillo@yahoo.com
Carla,,Cedillo,F,2010-01-27,carla.cedillo@hotmail.com
Wendolin,Baldomero,Cedillo,M,2018-02-24,wendolin.cedillo@hotmail.com
Frida,Juan,Dobes,M,1970-01-04,frida.dobes@yahoo.com
Toni,Brett,Dobes,M,2014-08-18,toni.dobes@hotmail.com
Victor Manuel,Manuel,Borrego,M,1999-09-16,victor.manuel.borrego@gmail.com
Ona,April Antonio,Baird,NA,1997-04-21,ona.baird@hotmail.com
Gonzalo,Ladislav,Filzi,M,1986-03-02,gonzalo.filzi@yahoo.com
Zaira,Ashley Vicente,Duran,F,1999-01-27,zaira.duran@hotmail.com
Eleanor,Cristina,Pereira,F,1996-01-19,eleanor.pereira@yahoo.com
Markus,Raphael,Olmedo,M,1997-09-18,markus.olmedo@gmail.com
Hakan,Salvador Arnim,Matthäi,M,2001-03-24,hakan.matthäi@hotmail.com
Alessandro,John,Garay,M,1960-09-13,alessandro.garay@hotmail.com
Albert,Frede,Beasley,M,1995-05-02,albert.beasley@gmail.com
Jens,Dalia,Lindsey,M,1942-01-13,jens.lindsey@hotmail.com
James,Daniela,Obrien,M,1965-01-27,james.obrien@gmail.com
Eva,Abel,Obrien,F,1959-03-07,eva.obrien@yahoo.com
Micaela,Bernhardine,Obrien,F,2017-06-21,micaela.obrien@yahoo.com
Kyle,,Sørensen,M,1992-06-25,kyle.sørensen@santiago.com
Buenaventura,,Rosales,M,1940-02-20,buenaventura.rosales@gmail.com
Jessica,Michelle Yvette,Rosales,F,1942-11-23,jessica.rosales@gmail.com
Denisa,Karla,Respighi,F,1955-10-24,denisa.respighi@hayes-morton.info
David,Melchor Luis,Baxter,M,1985-09-12,david.baxter@gmail.com
Michele,Davi Lucas,Garzón,GQ,1989-08-06,michele.garzón@gmail.com
Nathan,,Bonbach,GQ,1996-04-24,nathan.bonbach@gmail.com
Elizabeth,,Stephens,F,1988-01-01,elizabeth.stephens@hotmail.com
Enzo,David Lubomír,Stephens,M,1989-06-21,enzo.stephens@hotmail.com
Gerard,Júlia,Gangemi,T,1989-08-23,gerard.gangemi@hotmail.com
Tyler,Jeremy,Gangemi,T,1986-10-24,tyler.gangemi@gmail.com
Jonás,,Gangemi,F,2012-10-06,jonás.gangemi@hotmail.com
Ian,Bernfried,Gangemi,NA,2019-07-09,ian.gangemi@yahoo.com
Clarice,,Gangemi,F,2012-03-04,clarice.gangemi@hotmail.com
David,Micaela,Jensen,M,1991-08-05,david.jensen@yahoo.com
Suzanne,Andrea,Mohaupt,F,1947-07-06,suzanne.mohaupt@nelson.com
Beatriz,,Wesack,F,1971-02-11,beatriz.wesack@yahoo.com
Aldo,Jose Antonio,Wesack,M,1974-08-30,aldo.wesack@yahoo.com
George,,Wesack,M,2011-06-09,george.wesack@hotmail.com
Mathew,Edward,Wesack,M,2017-06-28,mathew.wesack@gmail.com
Francisco,Edoardo Michael,Nolan,M,1961-09-27,francisco.nolan@yahoo.com
Wendy,Frida,Nolan,F,1957-09-06,wendy.nolan@yahoo.com
Samuel,James,Nolan,M,2011-04-20,samuel.nolan@yahoo.com
Matthew,Jeffrey José,Nolan,NB,2010-09-12,matthew.nolan@gmail.com
Diana,Halina,Jennings,F,1996-08-20,diana.jennings@gmail.com
Robin,Emily,Strangio,F,2000-05-10,robin.strangio@yahoo.com
Megan,Rosmarie Linda,Ramirez,F,1985-03-27,megan.ramirez@morris.com
Liliana,,Diaz,F,1968-05-05,liliana.diaz@vega-schmitt.com
Jiřina,Breanna,Armenta,F,1988-03-08,jiřina.armenta@gonzales-johnson.com
Amalia,Karen,Cánovas,F,1962-11-07,amalia.cánovas@gmail.com
David,Citlali,Cánovas,M,1959-06-30,david.cánovas@gmail.com
Silvia,Silvano Bonnie,Cánovas,F,2011-01-04,silvia.cánovas@yahoo.com
Ibrahim,Domenico Ramiz,Barrera,M,1988-05-26,ibrahim.barrera@hotmail.com
Britta,Paige,Barrera,F,1986-07-18,britta.barrera@gmail.com
Tammy,Anita,Barrera,F,2012-12-08,tammy.barrera@yahoo.com
Karen,,Barrera,GN,2013-04-24,karen.barrera@gmail.com
Kathy,Nancy,Chambers,F,1955-05-29,kathy.chambers@gmail.com
Samantha,Cathy,Krebs,F,1978-07-11,samantha.krebs@hotmail.com
Taylor,,Krebs,M,2018-08-21,taylor.krebs@hotmail.com
Jack,Joel,Levy,M,1977-11-26,jack.levy@morgan.info
Michele,Rasmus,Prada,M,1989-06-27,michele.prada@yahoo.com
Amanda,Nicolás,Fraser,F,1996-05-11,amanda.fraser@yahoo.com
Kyle,Emilia Bryan,Puccini,T,1992-11-04,kyle.puccini@yahoo.com
Jennifer,Ivonne,Hanson,F,1973-08-01,jennifer.hanson@yahoo.com
Frank,Adam,Hanson,M,1975-06-20,frank.hanson@yahoo.com
Marco Antonio,María,Hanson,F,2011-06-12,marco.antonio.hanson@yahoo.com
Jordan,João Lucas,Hanson,M,2012-02-15,jordan.hanson@yahoo.com
Giulia,Stephanie,Ortiz,F,1949-07-27,giulia.ortiz@hotmail.com
María Teresa,Freddy,Ortiz,M,1948-07-13,maría.teresa.ortiz@hotmail.com
Martí,Elisa,Cintrón,M,1959-08-26,martí.cintrón@yahoo.com
Guadalupe,Montserrat,Cintrón,F,2018-07-25,guadalupe.cintrón@yahoo.com
Amanda,Diane,Burke,F,1993-03-06,amanda.burke@sanchez.com
Xavier,Albert Michael,Dominguez,M,1936-08-01,xavier.dominguez@gmail.com
Jessica,Laura,Dominguez,F,1932-07-25,jessica.dominguez@gmail.com
Melvin,Øyvind Francisco,Alonso,M,1994-04-25,melvin.alonso@hotmail.com
Christopher,,Bowers,NA,1983-04-27,christopher.bowers@yahoo.com
Antony,Brandon,Molina,M,1978-03-08,antony.molina@christensen.info
Alexandr,Ryan,Smith,M,1994-10-03,alexandr.smith@yahoo.com
Samantha,Amanda Stacy,Smith,F,1996-03-21,samantha.smith@hotmail.com
Šimon,,Smith,M,2018-04-06,šimon.smith@gmail.com
Sarah,Mamen Nichole,Riddle,F,1971-11-06,sarah.riddle@gmail.com
Jason,Robert,Riddle,M,1971-09-27,jason.riddle@gmail.com
Paola,Donald,Riddle,M,2017-11-15,paola.riddle@hotmail.com
Eric,Vincenzo,Smith,M,1988-07-23,eric.smith@glenn.com
Soledad,Anthony,Coca,M,1983-10-25,soledad.coca@blake.com
Josep,Benjamín,Hoffmann,M,1995-01-08,josep.hoffmann@hotmail.com
Theo,Bohumil Margarita,Fuente,M,1986-12-21,theo.fuente@ponce.biz
José Manuél,Kenneth,Lewis,M,2000-01-19,josé.manuél.lewis@smith.org
Elvira,Virginia,Mays,F,1992-01-05,elvira.mays@hotmail.com
Frida,Scott,Harmon,NB,1932-09-12,frida.harmon@gmail.com
Sherri,Jennifer,Peterson,F,1990-06-19,sherri.peterson@hotmail.com
Heliodoro,Clara,White,M,1996-03-12,heliodoro.white@meyer.net
Lucia,Jaqueline,Hickman,F,1996-10-09,lucia.hickman@snow.com
Graciana,,Brown,F,2001-10-29,graciana.brown@hotmail.com
Mariana,Werner,Cooke,M,1949-05-14,mariana.cooke@hotmail.com
Anel,,Cooke,F,1948-01-10,anel.cooke@gmail.com
Giuseppe,Ronald,Cases,M,1991-08-06,giuseppe.cases@hotmail.com
Biagio,Robert,Cases,M,2010-07-20,biagio.cases@hotmail.com
Miloš,Antonio George,Sherman,M,1982-09-12,miloš.sherman@hotmail.com
Kristen,,Sullivan,F,1996-12-25,kristen.sullivan@stewart.com
Gabriela,Jackie,Nascimento,F,1993-08-11,gabriela.nascimento@gmail.com
Marisela,Michael,Farley,M,1981-01-26,marisela.farley@lindsey.biz
Jeffrey,Brian,Portero,M,1963-05-31,jeffrey.portero@perry-rios.org
Leonor,Terry,Cimarosa,F,1995-03-01,leonor.cimarosa@hotmail.com
Nina,Phyllis Michelle,Carson,F,1999-02-22,nina.carson@yahoo.com
Sylvia,Heather Gabino,Lomeli,F,1965-11-03,sylvia.lomeli@ruiz-smith.com
Sergio,,Valverde,M,1991-11-08,sergio.valverde@davis.com
Gary,,Prat,M,1954-01-27,gary.prat@white-reed.net
Karina,Pedro Miguel,Shaffer,M,1935-09-24,karina.shaffer@yahoo.com
Antonia,Regina,Shaffer,F,1931-02-25,antonia.shaffer@yahoo.com
Martha,Juan,Cugia,M,1992-06-27,martha.cugia@hotmail.com
Esparta,Jessica Jenna,Orellana,GN,1966-12-10,esparta.orellana@yahoo.com
Gertrudis,Ariadna,Orellana,F,2010-10-02,gertrudis.orellana@gmail.com
Emma,Carol,Orellana,F,2019-10-21,emma.orellana@yahoo.com
Cheryl,Daniela,Orellana,F,2011-09-24,cheryl.orellana@yahoo.com
Priscila,,Smith,NB,1988-11-16,priscila.smith@gmail.com
Wendy,Elizabeth,Bauer,F,1991-01-30,wendy.bauer@hotmail.com
Ona,Sofía,Batlle,F,1951-11-23,ona.batlle@yahoo.com
Leo,Marvin Bohuslav,Batlle,M,1956-10-19,leo.batlle@hotmail.com
Raoul,Randall,Štěpánková,M,1962-09-17,raoul.štěpánková@gmail.com
Lindsey,Rebeca,Štěpánková,F,1958-07-04,lindsey.štěpánková@hotmail.com
Justin,Bruno,Štěpánková,M,2018-08-29,justin.štěpánková@yahoo.com
Esparta,Juana,Agustina,F,1976-09-13,esparta.agustina@hotmail.com
Ricky,Hasan,Agustina,M,1981-06-12,ricky.agustina@yahoo.com
Gaia,Alexandra,Agustina,NA,2011-03-14,gaia.agustina@yahoo.com
Tine,David Rangga,Agustina,GQ,2011-04-10,tine.agustina@hotmail.com
Bruno,Javier Bakda,Agustina,M,2009-12-29,bruno.agustina@hotmail.com
Sarah,Patricia,Agustina,F,2016-07-19,sarah.agustina@hotmail.com
Ale,Nicholas,Anglada,M,1996-09-28,ale.anglada@yahoo.com
Dolores,,Mullins,F,1995-04-26,dolores.mullins@gmail.com
Paola,Victoria,Bush,F,1996-08-31,paola.bush@gmail.com
Eugenio,Erica Carol,Vargas,F,1996-05-03,eugenio.vargas@gmail.com
Jessica,Naděžda Ashley,Schuchhardt,F,1967-03-16,jessica.schuchhardt@decker.com
Demetrio,Nathan,Cuellar,M,1967-04-25,demetrio.cuellar@campbell.com
Loretta,Pedro,Lledó,NA,1986-05-14,loretta.lledó@yahoo.com
Jorge,Kyle,Bonilla,NA,1961-04-25,jorge.bonilla@calderon.info
Claudio,Walter,Němec,M,1932-04-05,claudio.němec@yahoo.com
Julia,Montserrat,Němec,F,1934-01-27,julia.němec@hotmail.com
Adam,Juan,Brown,M,1974-01-27,adam.brown@hotmail.com
George,Kayla Laura,Arevalo,GN,1986-02-10,george.arevalo@gmail.com
Ian,Reimer,Maxwell,M,1970-04-21,ian.maxwell@yahoo.com
Rosario,,Ugarte,M,1992-08-11,rosario.ugarte@gmail.com
Glen,,Griffith,M,1993-08-25,glen.griffith@moore.info
Erik,Thomas,Duarte,M,1975-02-04,erik.duarte@hotmail.com
Carlos,Miguel,Robbins,M,1958-01-05,carlos.robbins@yahoo.com
Luciano,Jamie Jose,Morton,M,1997-05-14,luciano.morton@hotmail.com
Larissa,Ana Luisa África,Sáez,F,2000-03-01,larissa.sáez@gmail.com
Ellen,Alyssa,Llamas,F,1999-06-13,ellen.llamas@yahoo.com
Melissa,Kelsey,Weber,F,1987-12-12,melissa.weber@yahoo.com
Eric,Carl-Heinz,Donaire,M,1996-01-05,eric.donaire@hotmail.com
Adriana,Noa,Dominguez,F,1975-05-10,adriana.dominguez@campbell.com
Ian,Donald,Lawrence,M,1993-01-05,ian.lawrence@hotmail.com
Serafín,,Lerma,M,1983-02-08,serafín.lerma@schwartz-baker.com
Cassandra,Robin,Nissen,F,1979-07-07,cassandra.nissen@hotmail.com
Gustavo Henrique,Kevin,Nissen,M,1976-10-22,gustavo.henrique.nissen@gmail.com
Michael,Baldomero,Nissen,M,2011-07-07,michael.nissen@gmail.com
Marcela,,Sloan,F,1984-07-16,marcela.sloan@yahoo.com
Mary,,Porras,F,1943-12-14,mary.porras@gmail.com
Lisa,Mary Carla,Bishop,F,1951-12-20,lisa.bishop@hotmail.com
Rodrigo,José María,Bishop,M,1946-10-16,rodrigo.bishop@gmail.com
Anthony,Yolanda,Bishop,M,2012-10-26,anthony.bishop@hotmail.com
Siegmund,Sheila,Collado,NB,1985-05-27,siegmund.collado@hotmail.com
Frida,Robin,Gordon,F,1968-03-28,frida.gordon@mahoney.com
Karen,Lucia Anel,Gentili,F,1941-01-24,karen.gentili@holder-figueroa.info
Blake,Michael John,Botta,M,2001-07-21,blake.botta@gmail.com
Anna,Conchita,Botta,F,1997-08-16,anna.botta@gmail.com
George,Tadeáš,Wilcox,M,1997-08-22,george.wilcox@alexander.biz
Cristina,Erica Anežka,Bernasconi,F,1943-05-18,cristina.bernasconi@hotmail.com
David,William,Bernasconi,M,1938-07-26,david.bernasconi@yahoo.com
Paulo,Joe,Narpati,M,1959-08-10,paulo.narpati@mcgee-weaver.com
Martí,,Arroyo,M,1955-06-04,martí.arroyo@white.biz
Danielle,Isabel Ashley,Clark,F,2002-05-11,danielle.clark@yahoo.com
Jeremy,Donald,Madrid,M,1995-01-10,jeremy.madrid@hotmail.com
Cole,Gunther,Williamson,M,1945-04-13,cole.williamson@hotmail.com
Emily,Urszula,Weimer,F,1984-08-29,emily.weimer@gmail.com
Kristýna,Laura,Vela,F,1981-10-26,kristýna.vela@hahn.com
Victoria,Angie,Arellano,F,1935-09-27,victoria.arellano@gmail.com
Max,José Laurenz,Arellano,M,1930-10-22,max.arellano@yahoo.com
Timothy,Donald Arne,Rosselló,M,1993-08-04,timothy.rosselló@yahoo.com
Trevor,Ruggiero,Taylor,M,1998-06-12,trevor.taylor@gmail.com
Ana,,Taylor,F,1999-06-14,ana.taylor@yahoo.com
Romina,Patricio,Sales,F,1932-12-26,romina.sales@hotmail.com
Jan,Eduardo Stephen,Sales,M,1933-02-20,jan.sales@yahoo.com
Mia,Rhonda,Quesada,F,1975-12-12,mia.quesada@oneal.net
Max,Èric,Iswahyudi,M,1976-01-16,max.iswahyudi@hotmail.com
Luiza,Lori,Iswahyudi,F,1970-05-05,luiza.iswahyudi@gmail.com
Mateo,Philip,Iswahyudi,M,2012-06-10,mateo.iswahyudi@gmail.com
Olga,Emma,Iswahyudi,F,2013-11-21,olga.iswahyudi@gmail.com
Carine,Cristina,Heath,F,1994-06-05,carine.heath@shelton.com
Lupita,Ute Karla,Gasser,F,1986-07-22,lupita.gasser@hotmail.com
Cristina,Sigfrido,Norris,M,1990-07-03,cristina.norris@yahoo.com
Andrew,,Freitas,GN,1990-03-27,andrew.freitas@hotmail.com
Richard,Christopher,Cabrera,M,1999-12-05,richard.cabrera@gmail.com
Cristobal,Virgilio,Smith,M,1991-05-06,cristobal.smith@hotmail.com
Bruce,Daniel,Edwards,M,1995-06-12,bruce.edwards@yahoo.com
Eusebio,,Anderson,M,1952-02-17,eusebio.anderson@gmail.com
Jennifer,Anel,Rivera,F,1989-03-21,jennifer.rivera@hotmail.com
Michael,William,Rivera,M,1990-03-12,michael.rivera@hotmail.com
Sabrina,Valèria Nicole,Rivera,F,2016-03-03,sabrina.rivera@gmail.com
Larissa,Fidela,Rivera,F,2016-08-17,larissa.rivera@gmail.com
Martina,María Del Carmen Encarnita,Rivera,F,2013-12-28,martina.rivera@hotmail.com
Patrick,,Burgess,M,1941-06-17,patrick.burgess@yahoo.com
Courtney,Jennifer,Burgess,F,1942-02-11,courtney.burgess@yahoo.com
Aldo,Kenneth,Chaparro,M,1987-08-12,aldo.chaparro@gmail.com
Jessica,Clàudia,Flaiano,F,1994-07-31,jessica.flaiano@yahoo.com
Matthew,Rasmus Brent,Watson,M,1984-12-18,matthew.watson@lynch-jimenez.com
Annibale,Morten Luis Miguel,Scott,T,2000-04-25,annibale.scott@jones.com
Chlóe,Carmen,Sobrino,F,2001-04-19,chlóe.sobrino@gmail.com
María Luisa,Julie Kerry,Hernando,F,1996-05-25,maría.luisa.hernando@hotmail.com
Juan,Jeremías,Cepeda,M,1991-01-31,juan.cepeda@gmail.com
James,Victor,Zamudio,M,1984-11-04,james.zamudio@hotmail.com
Melissa,,Purnawati,F,1993-07-27,melissa.purnawati@yahoo.com
Nicholas,Pier,Steffensen,M,1936-09-07,nicholas.steffensen@yahoo.com
Eric,Emily Stella,Steffensen,F,1939-10-13,eric.steffensen@gmail.com
Kellie,Lewis,Suartini,NB,1956-09-15,kellie.suartini@holmes.com
Emanuella,,Elliott,F,1962-04-24,emanuella.elliott@yahoo.com
Michael,,Elliott,M,1957-11-30,michael.elliott@yahoo.com
Maurilio,Richard Giovanni,Elliott,M,2017-07-05,maurilio.elliott@hotmail.com
José,James,Gutierrez,M,1981-02-24,josé.gutierrez@stewart.biz
Kelly,Manuel Amanda,Knapp,NA,1982-12-12,kelly.knapp@lopez.org
Carl,,Negrón,M,1975-04-28,carl.negrón@shaw-martinez.com
Ian,Torquato,Allen,M,1979-11-29,ian.allen@yahoo.com
Christine,Julie,Allen,F,1975-04-30,christine.allen@gmail.com
Luiza,,Allen,F,2012-12-05,luiza.allen@hotmail.com
Emilie,Jodie,Allen,F,2017-04-11,emilie.allen@hotmail.com
Paula,Ricardo Alfred,Jones,NA,1995-01-30,paula.jones@yahoo.com
Aldonza,Brooke,Hampton,F,1996-04-10,aldonza.hampton@hotmail.com
Jason,Carmen,da Rocha,M,1996-03-07,jason.da.rocha@gmail.com
Jenna,Sheila,Pratama,F,1991-06-11,jenna.pratama@gmail.com
Paoletta,Germán,Horne,F,1996-02-01,paoletta.horne@rose.org
Štěpán,,Carosone,M,1957-09-16,štěpán.carosone@gmail.com
Kelly,Anne-Lise,Carosone,F,1961-04-22,kelly.carosone@gmail.com
Eugenia,,Carosone,F,2011-05-25,eugenia.carosone@hotmail.com
Jason,Rosario,Carosone,M,2011-11-10,jason.carosone@gmail.com
Dana,Sharon Jessica,Pizzamano,F,1975-04-02,dana.pizzamano@gmail.com
Eusebio,,Thomas,M,1967-06-01,eusebio.thomas@yahoo.com
Robert,Marc,Jacobson,M,1978-01-27,robert.jacobson@hotmail.com
Eduarda,,Jacobson,NB,2016-08-13,eduarda.jacobson@yahoo.com
Casemiro,Joseph,Jacobson,M,2012-03-22,casemiro.jacobson@yahoo.com
Karen,Emily,Jacobson,F,2015-01-30,karen.jacobson@gmail.com
Jason,Cameron,Ruelas,M,1996-06-29,jason.ruelas@gmail.com
Martina,Rebecca,Vargas,F,1991-08-07,martina.vargas@hotmail.com
Jennifer,Mary,Ossola,F,1962-10-21,jennifer.ossola@yahoo.com
Volker,Michael,Ossola,M,1964-11-26,volker.ossola@yahoo.com
Nicole,,Ossola,GQ,2011-07-26,nicole.ossola@gmail.com
Benno,Stephen,Petty,M,1990-11-01,benno.petty@evans.biz
Grant,Marc,Evans,GQ,1993-05-11,grant.evans@gmail.com
Donald,Thomas Piermaria,Fernandez,M,1956-11-08,donald.fernandez@woods.biz
Linda,Desiree,Moody,F,1945-12-10,linda.moody@brown.net
Samantha,,Medina,F,1961-09-20,samantha.medina@morgan.com
Eleanor,Elizabeth Vanessa,Glover,F,1963-11-12,eleanor.glover@thomas-macias.com
Antonio,Concepción,Nilsson,M,1978-10-14,antonio.nilsson@pierce.com
Marco,Ricardo Giancarlo,Kratochvíl,M,1999-03-08,marco.kratochvíl@hotmail.com
Erin,Elvia Jodi,Kratochvíl,F,1998-04-19,erin.kratochvíl@hotmail.com
James,Helena,Barbero,M,1990-06-11,james.barbero@rodriguez.com
Ashley,,Domínguez,NB,1985-08-16,ashley.domínguez@bauer-russo.com
Valèria,Sarah,Alegria,F,1996-03-27,valèria.alegria@hotmail.com
Vratislav,Pedro,Schroeder,M,1983-07-10,vratislav.schroeder@gmail.com
Emily,Gema Flora,Roberts,F,1975-11-16,emily.roberts@gmail.com
Uriel,Victor,Bilbao,M,1995-05-15,uriel.bilbao@gmail.com
Gelsomina,Courtney Rachel,Gozzano,F,1945-06-01,gelsomina.gozzano@yahoo.com
Tony,,Noriega,M,1987-02-01,tony.noriega@yahoo.com
Naděžda,Courtney,Noriega,F,1988-06-11,naděžda.noriega@yahoo.com
Ashley,,Lund,F,1954-06-17,ashley.lund@potter.com
Megan,Oda,Lombardi,F,1989-08-25,megan.lombardi@schneider-russell.com
Pierangelo,Leon,Dean,M,1984-11-06,pierangelo.dean@yahoo.com
Rosario,Hans-Rainer Brian,Knudsen,M,1963-01-25,rosario.knudsen@hotmail.com
Valerie,Aina,Blanch,GQ,1986-02-16,valerie.blanch@hotmail.com
Parman,David,Williams,M,1940-09-19,parman.williams@gmail.com
Theresa,Laia Jill,Concepción,F,1999-06-24,theresa.concepción@yahoo.com
Paola,Claudio,Beneš,M,1991-01-26,paola.beneš@gmail.com
Agapito,Austin,Freudenberger,M,1972-07-12,agapito.freudenberger@smith.biz
Samuel,Kelly,Scholl,F,1976-08-22,samuel.scholl@hotmail.com
Pascual,Enzo Marcela,Scholl,M,2014-02-16,pascual.scholl@gmail.com
Daisy,Kimberly,Scholl,F,2013-08-22,daisy.scholl@gmail.com
Sandra,,Scholl,F,2016-04-08,sandra.scholl@yahoo.com
Zachary,Thomas Jacopo,Scholl,M,2016-09-26,zachary.scholl@yahoo.com
William,Joseph Amador,Gonzalez,M,1951-12-17,william.gonzalez@yahoo.com
Elizabeth,Tina,Gonzalez,F,1947-07-09,elizabeth.gonzalez@yahoo.com
Hanne,Thomas Albert,Gonzalez,NA,2011-02-25,hanne.gonzalez@yahoo.com
Juana,Leyre,Thamrin,F,1986-08-13,juana.thamrin@yahoo.com
Calixto,Alonso,Dillon,M,1989-09-27,calixto.dillon@gmail.com
David,Mahesa Guilherme,Schultz,GQ,1990-04-11,david.schultz@gmail.com
Ona,Felipe Teodoro,Pope,F,1983-07-31,ona.pope@avila.net
Timoteo,Brittany,Taylor,F,1975-12-28,timoteo.taylor@hotmail.com
Steven,Thomas Barbara,Taylor,M,1974-04-19,steven.taylor@yahoo.com
Derek,Jan,Taylor,M,2014-08-31,derek.taylor@yahoo.com
Terry,Jeffrey,Taylor,M,2011-09-17,terry.taylor@hotmail.com
Jason,Noah,Hoz,M,1994-10-01,jason.hoz@lopez-cooper.info
Jessica,Guillermo,Bayón,F,1999-07-16,jessica.bayón@gmail.com
Daniel,Jacob,Griffin,NA,1985-10-28,daniel.griffin@gmail.com
Eva,Sarita,Combi,F,1984-07-03,eva.combi@gmail.com
Keith,Elisa,Martin,M,1964-05-28,keith.martin@diaz.com
Octavio,,Wilson,M,1979-09-15,octavio.wilson@hotmail.com
Opan,Siegmund Aníbal,Chapman,M,1973-06-17,opan.chapman@mays.com
Luis,David,Hogan,M,1983-11-04,luis.hogan@yahoo.com
Natalie,Isabel Terry,Hogan,F,1985-12-08,natalie.hogan@yahoo.com
Graciela,Irene,Hogan,F,2011-11-06,graciela.hogan@hotmail.com
Ana,,Hogan,F,2017-10-16,ana.hogan@yahoo.com
Enzo,Ángel,Hogan,M,2019-01-25,enzo.hogan@gmail.com
Candelas,Rebecca Jocelyn,Hogan,F,2013-05-01,candelas.hogan@yahoo.com
Michael,Joan,Fajardo,M,1992-07-03,michael.fajardo@gmail.com
Georgina,Julio,Ott,M,1989-04-02,georgina.ott@smith.com
Kaylee,Alena,Monroe,F,1953-09-27,kaylee.monroe@hotmail.com
Isa,,Monroe,M,1952-02-25,isa.monroe@hotmail.com
Naděžda,Miguel,Monroe,GQ,2017-06-03,naděžda.monroe@hotmail.com
Agatha,Rebecca,Ravn,F,1960-10-19,agatha.ravn@gmail.com
Erasmo,Victorino,Ravn,M,1958-03-03,erasmo.ravn@gmail.com
Edward,Kenneth,Ravn,M,2015-10-17,edward.ravn@yahoo.com
Amalia,Adam,Ravn,M,2014-05-25,amalia.ravn@gmail.com
Denise,Agustín,Ravn,GQ,2010-08-05,denise.ravn@gmail.com
Miroslav,,Busoni,M,1982-11-17,miroslav.busoni@hotmail.com
Maria Alice,Esperanza,Cabañas,F,1993-02-16,maria.alice.cabañas@spence.com
Jorge,Michael,Bruce,M,1964-07-09,jorge.bruce@keller.net
Pau,Cynthia,Ferreira,NB,1953-03-24,pau.ferreira@yahoo.com
Hilario,,Ferreira,NB,1955-03-03,hilario.ferreira@yahoo.com
Samantha,Katie,Rivera,F,1929-04-06,samantha.rivera@hotmail.com
Rosa,Sierra Vanesa,Barrio,F,2000-01-30,rosa.barrio@hotmail.com
Sophia,Carolina Antonia,Fowler,F,1982-10-28,sophia.fowler@yahoo.com
Tammy,Martina,Fowler,F,2013-01-22,tammy.fowler@gmail.com
Guadalupe,José Arthur,Powell,M,1999-07-24,guadalupe.powell@kaiser.com
Isabel,Encarna Allison,Mata,F,1987-07-14,isabel.mata@yahoo.com
Connor,Justin Ricciotti,Berrè,M,1999-10-25,connor.berrè@williamson.com
Stacey,Sharon Mary,Gibbs,F,1991-02-12,stacey.gibbs@yahoo.com
Joe,Randy Eric,Gibbs,M,1991-01-06,joe.gibbs@gmail.com
Rodolfo,,Lerma,M,1999-10-29,rodolfo.lerma@hotmail.com
Michela,Alicia Stacy,Lerma,F,2004-10-13,michela.lerma@hotmail.com
Galasso,Carmen,Corral,GN,1938-09-25,galasso.corral@yahoo.com
Olivia,César,Barceló,F,1967-06-02,olivia.barceló@gomez-mann.com
Diana,María del Carmen,Sandoval,F,1993-03-10,diana.sandoval@ray.com
Silvio,Jose,Tucker,M,1990-06-18,silvio.tucker@hotmail.com
Maria,Heather Donna,Marpaung,F,1998-04-16,maria.marpaung@hotmail.com
Mia,Suzanne,Vaughan,F,1988-11-15,mia.vaughan@yahoo.com
Julie,Cruz Jessica,Mortensen,F,2000-05-11,julie.mortensen@hotmail.com
Yannick,Thomas,Cavalcanti,M,1956-01-08,yannick.cavalcanti@wilson-brown.com
Silvia,,Cervera,F,1969-05-02,silvia.cervera@hotmail.com
Kenneth,Yolanda José,Cervera,M,1972-06-10,kenneth.cervera@hotmail.com
Kamil,Fedor,Cervera,NB,2017-01-23,kamil.cervera@hotmail.com
Fidel,Teresa Laura,Cervera,F,2014-12-28,fidel.cervera@hotmail.com
Rodrigo,Max,Cervera,GQ,2019-04-12,rodrigo.cervera@gmail.com
Kari,Sylvia,Robles,F,1947-12-30,kari.robles@hotmail.com
Pastora,Kayla,Schoch,GN,1993-08-25,pastora.schoch@hotmail.com
Andrea,Carmen,Lamb,F,1982-10-26,andrea.lamb@gmail.com
Regina,Guillermina Cristal,Ramirez,F,1985-07-15,regina.ramirez@gmail.com
Joshua,Albert,Ramirez,M,1985-03-06,joshua.ramirez@yahoo.com
Alec,,Ramirez,M,2013-03-01,alec.ramirez@yahoo.com
Arne,,Schultz,M,1956-07-26,arne.schultz@bender-jones.biz
Sandro,Brian,Wesack,M,1984-01-01,sandro.wesack@rowe.com
Yolanda,Anna,Alvarez,F,1987-07-11,yolanda.alvarez@gmail.com
Jorge Luis,Chad James,Alvarez,M,1989-09-09,jorge.luis.alvarez@yahoo.com
Lindsey,Jennifer Kathi,Alvarez,F,2016-08-17,lindsey.alvarez@yahoo.com
Erling,Jorge Joel,Clark,M,1971-06-19,erling.clark@yahoo.com
Augusto,Otilia Jos,Clark,F,1974-06-12,augusto.clark@yahoo.com
Katelyn,Ashley,Clark,F,2010-06-29,katelyn.clark@gmail.com
Silvester,Timothy,Ybarra,M,1979-04-15,silvester.ybarra@gmail.com
Francisca,Emilia Kristin,Freeman,F,1954-06-07,francisca.freeman@chang.com
Giovanna,Diane,Diaz,F,1949-02-19,giovanna.diaz@hotmail.com
Vladimír,Leon,Diaz,M,1953-09-17,vladimír.diaz@hotmail.com
Robert,,Quiroz,NB,1995-09-23,robert.quiroz@yahoo.com
Nancy,Adrienne,Mate,F,1938-08-26,nancy.mate@gmail.com
Nayeli,Bianca,Mate,M,1941-06-27,nayeli.mate@yahoo.com
Sandy,Holly,Richards,F,1990-03-22,sandy.richards@yahoo.com
Francisco,Leone,Richards,M,1993-02-14,francisco.richards@gmail.com
Nicolás,Diana,Richards,F,2019-07-01,nicolás.richards@hotmail.com
Lembah,Joshua Michael,Richards,M,2016-08-22,lembah.richards@yahoo.com
Alexandra,Jennifer,Naranjo,F,1995-07-25,alexandra.naranjo@hotmail.com
Thomas,Anthony Curro,Morgan,GQ,1990-10-07,thomas.morgan@rice-dunn.com
Laras,Debbie Carla,Latupono,F,1992-12-16,laras.latupono@gmail.com
Tiara,Francisca,Blažek,F,1986-09-15,tiara.blažek@myers-luna.info
José,Helena Jennifer,Druso,F,1980-02-29,josé.druso@gmail.com
Luciano,Ricky,Dussen van,M,1981-01-25,luciano.dussen.van@hotmail.com
Chad,Olivia,Seip,M,1959-12-02,chad.seip@gonzales-may.com
Ruperto,Quique,Grau,M,1993-10-17,ruperto.grau@hotmail.com
Hans-Willi,Javier,Corral,M,1984-10-06,hans-willi.corral@hotmail.com
Daniele,Edelbert,Nuraini,M,1954-04-17,daniele.nuraini@hotmail.com
Sheila,Luana,Sáenz,F,1986-03-04,sheila.sáenz@pham.com
Luigina,Clare,Perry,GN,1940-02-17,luigina.perry@yahoo.com
Olivia,Arcelia Elizabeth,Perry,GN,1935-04-25,olivia.perry@yahoo.com
Kurt,Víctor,Mitchell,NB,1999-04-06,kurt.mitchell@smith-wood.info
Vilém,Christopher,Newton,M,1998-01-13,vilém.newton@hotmail.com
Jennifer,Phyllis,Nilsson,F,1965-10-05,jennifer.nilsson@gmail.com
Marcelo,Fabio,Nilsson,M,1964-08-14,marcelo.nilsson@hotmail.com
Dwayne,Camilo Alfredo,Nilsson,M,2016-09-16,dwayne.nilsson@gmail.com
Silvia,Nicolas,Nilsson,GN,2010-09-22,silvia.nilsson@yahoo.com
Christopher,Danny Cameron,Nilsson,M,2019-05-29,christopher.nilsson@hotmail.com
João Guilherme,Daniel,Schwital,M,1997-05-13,joão.guilherme.schwital@turner.com
Jonás,Bryan,Browning,M,1997-09-09,jonás.browning@gmail.com
Jeton,Callum,Silva,M,1953-12-08,jeton.silva@hotmail.com
Rebeca,Karen,Castioni,F,1996-02-29,rebeca.castioni@yahoo.com
Alexander,Lamar,Turner,M,1997-05-13,alexander.turner@hotmail.com
Guadalupe,Cristina Laura,Girón,F,1983-04-04,guadalupe.girón@yahoo.com
Brian,Christian Wayne,Girón,M,1977-11-07,brian.girón@yahoo.com
Gina,,Boyer,F,1987-02-26,gina.boyer@coleman.com
Rocío,Charles,Melo,M,1983-07-15,rocío.melo@yahoo.com
Susan,Adalberto,Melo,F,1981-09-07,susan.melo@hotmail.com
Nicolás,Richard,Melo,M,2016-04-18,nicolás.melo@hotmail.com
Michael,James Emilia,Marín,M,1998-06-08,michael.marín@yahoo.com
David,Carlos,Zaragoza,M,1996-05-18,david.zaragoza@hotmail.com
Noa,,Soto,F,1932-07-14,noa.soto@gmail.com
Fernando,Darryl,Soto,M,1934-01-19,fernando.soto@hotmail.com
Katie,Ashley,Martinez,F,1960-06-14,katie.martinez@yahoo.com
Craig,Jan,Martinez,M,1957-01-29,craig.martinez@hotmail.com
Sandra,Elisabeth,Martinez,F,2016-05-16,sandra.martinez@yahoo.com
Júlia,Angélica Adam,Martinez,T,2018-11-22,júlia.martinez@yahoo.com
Calvin,Pedro Craig,Martinez,M,2010-05-22,calvin.martinez@hotmail.com
Samuel,João Guilherme Biel,Rush,M,1997-01-12,samuel.rush@knight-fuller.com
Mónica,Núria,Williams,F,1965-04-26,mónica.williams@gmail.com
Noah,Wilfredo,Williams,M,1965-10-22,noah.williams@gmail.com
John,Kelly,Williams,M,2013-04-30,john.williams@gmail.com
Alta  Gracia,Kristen Trinidad,Williams,F,2015-03-13,alta..gracia.williams@yahoo.com
Carmen,Melanie,Williams,F,2012-04-28,carmen.williams@hotmail.com
Tiffany,Máxima,Barbosa,F,1992-09-16,tiffany.barbosa@yahoo.com
José María,Eric,Linares,M,1999-03-14,josé.maría.linares@hotmail.com
Kristy,Sergio Clàudia,Moreno,F,1989-07-06,kristy.moreno@hart.com
Cristobal,Mariana,Johnson,M,1969-04-02,cristobal.johnson@king.info
Heather,Patricio,Smith,F,1980-12-23,heather.smith@hotmail.com
Francisco,Jordi,Chaparro,M,1954-04-27,francisco.chaparro@yahoo.com
Cheryl,Jamie Molly,Chaparro,F,1956-07-29,cheryl.chaparro@yahoo.com
Jessica,,Chaparro,F,2015-03-13,jessica.chaparro@hotmail.com
Dulce María,María Belén Rolando,Chaparro,GQ,2016-03-22,dulce.maría.chaparro@gmail.com
Melinda,Desiree,Rivera,F,1995-09-04,melinda.rivera@gmail.com
José,Serafín,Becerra,M,1970-08-06,josé.becerra@powell.biz
Juan,David Manuel,Rodrigues,M,1983-12-31,juan.rodrigues@yahoo.com
Felix,Benedetto,Marek,M,1984-09-12,felix.marek@hopkins-rodriguez.net
Julie,Greca,Johnston,F,1941-12-21,julie.johnston@gmail.com
Ana Laura,,Pepe,GQ,1997-08-29,ana.laura.pepe@rogers.com
Mary,Léna,Leyva,F,1997-04-07,mary.leyva@yahoo.com
Noa,Manuelita Tammy,Arnold,F,1970-11-18,noa.arnold@james.com
Denis,Dylan Robert,Asenjo,M,1949-07-10,denis.asenjo@gates-thomas.net
Paola,Felipe,Montessori,F,1948-11-24,paola.montessori@yahoo.com
Heather,Rebecca Natalie,Stone,F,1995-02-25,heather.stone@yahoo.com
Alessia,Ángela,Clark,F,1982-04-14,alessia.clark@yahoo.com
Nedda,Crystal,Powell,F,2000-02-18,nedda.powell@hotmail.com
Albino,,Neal,M,1979-01-13,albino.neal@palmer.biz
Irene,Andrea,Valencia,F,1978-08-20,irene.valencia@gmail.com
Micheal,,Olmo,M,1990-03-26,micheal.olmo@hotmail.com
Ignatz,Álex,Teixeira,M,1966-07-20,ignatz.teixeira@fisher-cooper.com
Carl,Carolina,Cordero,M,1995-12-29,carl.cordero@wright-barnett.com
Tara,Aurora,Burgos,F,1989-01-05,tara.burgos@austin.org
Delfina,,Chang,F,1959-09-08,delfina.chang@bernard-choi.com
Kelly,Christine Zoe,Wilson,F,1962-10-12,kelly.wilson@smith.biz
Manuel,Ruggiero,Hahn,M,1989-03-29,manuel.hahn@hotmail.com
Jennifer,Lynn,Howard,F,1931-02-05,j.howard@yahoo.com
Benjamin,Cory Uberto,Howard,M,1931-11-18,benjamin.howard@gmail.com
María Dolores,Margaret,Galarza,F,1969-05-25,maría.dolores.galarza@gmail.com
Shawn,Porfirio,Canals,M,2000-04-03,shawn.canals@gmail.com
Heather,Dawn,Canals,F,2002-12-12,heather.canals@gmail.com
Babette,Kathryn,Sharp,F,1981-07-29,babette.sharp@gmail.com
Berta,Berta,Rezende,F,1947-07-21,berta.rezende@hotmail.com
Jusuf,Javier,Rezende,M,1951-01-09,jusuf.rezende@hotmail.com
Gabriela,Cirino,Miller,M,1993-05-16,gabriela.miller@yahoo.com
Peter,Dylan,Ropero,M,1990-03-15,peter.ropero@yahoo.com
Helena,Martha,Johnson,F,1997-07-03,helena.johnson@johnson.com
Jared,,Chadwick,M,1992-11-09,jared.chadwick@hotmail.com
Odette,Luisa Sybilla,Merino,F,2000-06-17,odette.merino@yahoo.com
Eric,Abbie,Harris,T,2002-05-02,eric.harris@gmail.com
Lauren,Stefani,Harris,T,2003-12-23,lauren.harris@hotmail.com
Coral,Sílvia Stephany,Permadi,F,1995-02-19,coral.permadi@gmail.com
John,Cameron,Permadi,M,1990-07-31,john.permadi@hotmail.com
Michael,Armando,Aumann,M,2000-02-21,michael.aumann@gmail.com
Calebe,Paolo,Gutierrez,M,1993-03-28,calebe.gutierrez@gmail.com
David,Robert Donald,Sanches,M,1980-06-07,david.sanches@yahoo.com
Fabrizio,,Brown,M,1991-02-15,fabrizio.brown@yahoo.com
Francisca,Esmarelda Anna,Gallego,F,1991-12-30,francisca.gallego@wise.com
Modesto,Javier,Wilms,T,2001-04-26,modesto.wilms@gmail.com
María Del Carmen,Laura,Lewis,F,1999-10-05,maría.del.carmen.lewis@yahoo.com
Jack,Matthew,Bolton,M,1964-04-27,jack.bolton@hotmail.com
Tina,Annetta,Bolton,F,1967-06-18,tina.bolton@yahoo.com
Lisa,Cathy Chloe,Bolton,F,2016-05-07,lisa.bolton@hotmail.com
Mauricio,Pol,Jordan,M,1995-11-28,mauricio.jordan@yahoo.com
Biagio,Thomas Teodoro,Cole,M,1952-07-22,biagio.cole@hanna.com
Jasmine,Kimberly,Williams,F,1993-05-07,jasmine.williams@macdonald.biz
Laura,Nasab,Schmidt,T,1939-09-15,laura.schmidt@hotmail.com
Paul-Heinz,Enrique,Williams,M,1938-05-08,paul-heinz.williams@hotmail.com
Shannon,Julia Amy,Williams,F,1937-06-18,shannon.williams@gmail.com
Adam,Paul,Elorza,M,1996-10-22,adam.elorza@gmail.com
Alana,Christine,Atkins,F,1990-12-11,alana.atkins@yahoo.com
Ignacio,Teresa,Cobos,F,1968-03-03,ignacio.cobos@schwartz.com
Rosa,Brenda Leticia,Saura,F,1968-07-15,rosa.saura@yahoo.com
Isidoro,Lucas,Pratt,T,1982-01-15,isidoro.pratt@hotmail.com
Alena,Maria Alice,Evans,F,1996-04-08,alena.evans@parker-bowman.com
Giuliano,Bohuslav,Carducci,M,1964-09-04,giuliano.carducci@yahoo.com
Luisa,Kelly,Carducci,F,1964-02-15,luisa.carducci@yahoo.com
Nadia,David,Carducci,M,2011-05-03,nadia.carducci@gmail.com
Dominik,Marino Timothy,Carducci,M,2012-08-24,dominik.carducci@yahoo.com
Sandra,Monica,Arguello,F,2000-10-06,sandra.arguello@miller.com
Plinio,Murilo,Puga,M,1995-12-07,plinio.puga@hotmail.com
Fernando,Danielle Abril,Cobb,F,1991-09-05,fernando.cobb@green-jackson.com
Melita,Swantje,Kopecká,F,1988-06-27,melita.kopecká@hotmail.com
Julio,Manuel,Serna,M,1959-05-22,julio.serna@hotmail.com
Otakar,,Morales,M,1938-08-02,otakar.morales@hotmail.com
Emily,Uchita,Harris,F,1990-11-26,emily.harris@davenport-garcia.net
Dolores,Vanessa,Cuomo,F,1932-05-29,dolores.cuomo@yahoo.com
María Teresa,Gert,Schmidt,M,1998-07-20,maría.teresa.schmidt@gmail.com
Vanesa,Chlóe,Ligorio,F,2001-11-10,vanesa.ligorio@hotmail.com
Amanda,Catherine,Scialpi,F,2001-11-09,amanda.scialpi@gmail.com
Julie,Regina,España,F,1980-11-23,julie.españa@hotmail.com
Gustav,,Schultz,M,1995-07-22,gustav.schultz@wells.info
Cristina,María Antonia,Martin,F,1982-09-21,cristina.martin@coleman.com
Ingrid,África,Gonzales,F,1986-01-29,ingrid.gonzales@bartlett-arnold.com
George,,Valdés,GQ,1957-03-17,george.valdés@johnson.com
Roman,Vito Aaron,Delacruz,M,1981-11-13,roman.delacruz@gmail.com
Siska,Deborah Sofía,Delacruz,F,1978-04-07,siska.delacruz@yahoo.com
Marisol,Gianluca,Corona,M,1993-08-27,marisol.corona@parks-hernandez.com
Irene,,Lopez,F,1985-02-01,irene.lopez@yahoo.com
Pol,,da Rocha,NA,1968-07-15,pol.da.rocha@brown.com
Nil,Eduardo,Caldwell,M,2000-07-24,nil.caldwell@lin-beard.com
Pia,Courtney,Bustos,F,1963-09-29,pia.bustos@yahoo.com
Goffredo,Lawrence,Bustos,M,1958-02-23,goffredo.bustos@yahoo.com
Guadalupe,,Bustos,M,2016-09-10,guadalupe.bustos@yahoo.com
Reynaldo,Alžběta Justin,Robinson,GQ,1956-12-23,reynaldo.robinson@reese.com
Laia,Kathryn Natalie,Němcová,F,1956-09-13,laia.němcová@lewis-mendez.info
René,,Perry,M,1994-03-30,rené.perry@yahoo.com
Natividad,Dafne,Rubio,F,1940-05-23,natividad.rubio@yahoo.com
Fabiola,Mark Heliodoro,Porter,M,1985-02-03,fabiola.porter@hernandez-tucker.com
Nelly,Marissa Elias,Cox,F,1980-03-17,nelly.cox@hotmail.com
Tara,,Krein,F,1959-03-08,tara.krein@martinez-taylor.com
Leonel,Esperanza,Sosa,M,1964-08-07,leonel.sosa@clark.com
Denise,,Lamborghini,F,1938-02-28,denise.lamborghini@yahoo.com
Zoé,David,Lamborghini,M,1935-08-06,zoé.lamborghini@yahoo.com
William,Rodney Luís,Figueroa,GN,2002-12-15,william.figueroa@hotmail.com
Marta,,Hudson,F,1961-11-11,marta.hudson@hotmail.com
Saverio,Baldur James,Hudson,M,1960-09-03,saverio.hudson@yahoo.com
Arlet,,Hudson,F,2015-07-11,arlet.hudson@yahoo.com
Renee,Joyce,Hudson,F,2017-05-31,renee.hudson@yahoo.com
Enrico,,Hudson,M,2012-01-19,enrico.hudson@yahoo.com
Mary,Bianca,Torre,F,1977-12-13,mary.torre@yahoo.com
Bethany,Erika Veronica,Téllez,F,1981-09-10,bethany.téllez@walker.com
Elma,Linda,Woods,F,1999-12-27,elma.woods@anthony.com
Heather,Ashley,Hutchinson,F,1985-03-19,heather.hutchinson@andrews.com
Martina,,Omma,F,1981-11-17,martina.omma@hotmail.com
Tadeáš,Lucca,Lewis,M,1944-04-15,tadeáš.lewis@gmail.com
Charlene,Janice,Infantino,F,2004-01-30,charlene.infantino@yahoo.com
Delia,Bruno,Granado,M,1988-06-09,delia.granado@wallace.net
Geoffrey,James,Gierschner,M,1984-06-22,geoffrey.gierschner@hotmail.com
Mackenzie,,Mcdaniel,F,1994-08-19,mackenzie.mcdaniel@yahoo.com
Gaetano,David Ronald,Pellicer,M,1999-07-20,gaetano.pellicer@gmail.com
Amanda,Elena,Llanos,F,1941-09-21,amanda.llanos@hotmail.com
Rafael,Leo,Llanos,M,1936-01-07,rafael.llanos@gmail.com
Lindsey,Larissa,Olivas,NB,1993-10-31,lindsey.olivas@goodman.com
Joan,Zuzana,Moreno,T,2003-07-19,joan.moreno@yahoo.com
Steven,María Elena,Arévalo,M,1998-10-15,steven.arévalo@terry-johnson.info
Patricia,,Vestergaard,F,1993-12-06,patricia.vestergaard@gmail.com
Benthe,Eva,Meléndez,F,1987-12-03,benthe.meléndez@hotmail.com
Vanessa,Erin Rosalia,Fuentes,F,1963-09-12,vanessa.fuentes@watson.com
Nicolás,Halim,Comas,M,1990-04-10,nicolás.comas@hotmail.com
Cassie,Margit,Choi,F,1987-03-21,cassie.choi@yahoo.com
Leonardo,Stephen,Kägi,M,1968-12-07,leonardo.kägi@hotmail.com
Christopher,Cody,Alegria,M,2000-05-15,christopher.alegria@gmail.com
Jan,David,Moore,M,1994-09-26,jan.moore@nolan.biz
Kimberly,Ona Olivia,Underwood,F,1999-06-18,kimberly.underwood@yahoo.com
Dina,Laia,Macias,F,1990-03-09,dina.macias@hotmail.com
Jana,Ashley,Agudo,F,1993-10-10,jana.agudo@hotmail.com
Laura,María Del Carmen,Šimková,F,1984-03-28,laura.šimková@hotmail.com
Luiz Fernando,Amelia Paulo,Šimková,M,1979-05-18,luiz.fernando.šimková@gmail.com
Russell,Nikolai,Wright,M,1980-11-24,russell.wright@campbell.info
Janice,Héctor Brooke,Williams,F,1969-09-20,janice.williams@roman-wilson.com
Amedeo,David Joseph,Bustos,M,1957-05-30,amedeo.bustos@nunez-blair.net
Rosario,María Diane,Duran,F,1979-10-22,rosario.duran@hotmail.com
Shannon,Anna-Lena,Ceballos,F,2001-02-25,shannon.ceballos@yahoo.com
Brian,Jonás,Křížová,M,1999-01-20,brian.křížová@parker.net
Sean,,Silveira,T,1934-06-13,sean.silveira@yahoo.com
Debbie,Yuridia,Silveira,T,1939-07-16,debbie.silveira@yahoo.com
Cristina,,Williams,F,1941-09-09,cristina.williams@jordan.com
Júlia,Vilma,Benavent,F,1991-09-17,júlia.benavent@hotmail.com
Porfirio,José María,Gehringer,M,1994-10-17,porfirio.gehringer@yahoo.com
Esther,,Gehringer,F,1997-09-25,esther.gehringer@gmail.com
Israel,Ugolino,Gehringer,M,2018-06-13,israel.gehringer@hotmail.com
Meryem,Christine,Gehringer,F,2010-10-24,meryem.gehringer@yahoo.com
Alex,Fermín Yago,Gehringer,M,2013-02-13,alex.gehringer@gmail.com
Jessica,Barbara,Schaefer,F,1996-08-24,jessica.schaefer@gmail.com
Aurelio,Toño,Haro,M,1986-01-07,aurelio.haro@roberts-todd.com
Luiz Felipe,Lucas,Brown,M,2003-09-01,luiz.felipe.brown@hotmail.com
Mark,José María,Letta,M,1996-10-27,mark.letta@yahoo.com
Eraldo,Jason,Gonzalez,M,1997-09-23,eraldo.gonzalez@yahoo.com
Mario,Angela,Suárez,F,1960-06-03,mario.suárez@bowen.com
Luiz Fernando,,Miller,M,1983-04-05,luiz.fernando.miller@norris.info
Alma,Bartolomé Edward,Martins,M,1989-11-17,alma.martins@hotmail.com
Tracy,Marcus,Smith,NA,1965-05-09,tracy.smith@fowler.net
Gundhild,Melania,Covarrubias,F,1961-01-06,gundhild.covarrubias@gmail.com
João Miguel,Mike Marisol,Covarrubias,M,1964-06-29,joão.miguel.covarrubias@yahoo.com
Reina,Emily,Covarrubias,F,2018-04-18,reina.covarrubias@gmail.com
Colleen,Mercedes Mónica,Covarrubias,F,2011-07-08,colleen.covarrubias@yahoo.com
Danilo,Irwan,Covarrubias,M,2010-06-23,danilo.covarrubias@yahoo.com
Jordan,Jorge Luis Héctor,Giles,M,1986-03-11,jordan.giles@hotmail.com
Katherine,Amy,Bell,F,1995-06-28,katherine.bell@hotmail.com
Austin,Robert,Chapa,M,1998-05-10,austin.chapa@hotmail.com
Mohammad,Reece,Tamburi,M,1997-11-27,mohammad.tamburi@hotmail.com
Leni,Eric,Hoffman,T,2003-02-15,leni.hoffman@hotmail.com
Amanda,,Carroll,F,1985-06-17,amanda.carroll@cox.net
Jordi,Kevin,Weaver,GQ,1998-07-08,jordi.weaver@hotmail.com
Barbara,April,Sparks,F,1965-06-26,barbara.sparks@smith.com
Wendolin,Stacy Tracy,Simon,F,1982-03-13,wendolin.simon@hall.com
Daniel,Peter David,Moraes,M,1945-05-24,daniel.moraes@yahoo.com
Nicole,Valèria,Moraes,F,1939-06-03,nicole.moraes@hotmail.com
Lili,Mariah Bruni,Chandler,F,1963-07-15,lili.chandler@hotmail.com
Romuald,Ariadna,Chandler,M,1963-11-16,romuald.chandler@gmail.com
Alexandr,Jose,Chandler,GN,2011-10-04,alexandr.chandler@gmail.com
Alícia,Susan,Levy,F,1988-11-08,alícia.levy@yahoo.com
Derrick,Roger,Rocamora,M,1996-08-18,derrick.rocamora@yahoo.com
Ekkehard,,Hotz,T,1996-09-25,ekkehard.hotz@hotmail.com
Emma,Gala Isabel,Cabrera,F,1997-06-06,emma.cabrera@gmail.com
Eugenio,Pastor,Kelley,M,1957-01-04,eugenio.kelley@dean.biz
Haley,Núria Abigail,Villalpando,F,1984-09-12,haley.villalpando@yahoo.com
Javier,William,Villalpando,M,1982-08-07,javier.villalpando@yahoo.com
Cristina,Joshua Katie,Villalpando,NB,2013-03-16,cristina.villalpando@hotmail.com
Jeffery,Pascual,Villalpando,M,2012-03-14,jeffery.villalpando@yahoo.com
Noel,Bruni,Robinson,GQ,1981-10-12,noel.robinson@yahoo.com
Karen,David,Saura,F,1962-02-20,karen.saura@hotmail.com
Jimmy,Matthew,Saura,M,1955-12-28,jimmy.saura@gmail.com
Kathy,María Del Carmen Dawn,Saura,F,2012-05-16,kathy.saura@hotmail.com
Isabela,Cynthia,Berger,F,1981-08-07,isabela.berger@moyer.com
Micaela,Sandra,Martinez,F,1974-11-13,micaela.martinez@gmail.com
Adam,Scott,Martinez,M,1979-10-17,adam.martinez@hotmail.com
Jennifer,Frank,Martinez,GN,2016-12-04,jennifer.martinez@yahoo.com
Edda,Katie,Martinez,F,2017-12-02,edda.martinez@hotmail.com
Maria Julia,Daniel,Luna,GQ,1989-02-10,maria.julia.luna@bradley.com
Bradley,,Carbonell,M,1990-09-10,bradley.carbonell@gmail.com
Claire,Cristina,Carbonell,F,1995-10-31,claire.carbonell@yahoo.com
Vagn,,Carbonell,M,2015-12-07,vagn.carbonell@hotmail.com
Cynthia,Simona,Hernandez,F,1989-09-11,cynthia.hernandez@cantu-munoz.com
Lisa,Pamela,Hasanah,F,1944-01-30,lisa.hasanah@gmail.com
Adolfo,Andrew,Hasanah,M,1944-10-01,adolfo.hasanah@yahoo.com
Jacob,Ian Gregory,Toro,M,1999-02-07,jacob.toro@yahoo.com
Michelle,Marisol Barbara,Morrow,F,2000-01-23,michelle.morrow@hotmail.com
Nathan,Paul,Morrow,M,1996-03-12,nathan.morrow@yahoo.com
Melissa,Sally,Kusumo,F,1970-07-20,melissa.kusumo@rice.net
Joanne,Aneta,Polani,F,1949-09-29,joanne.polani@yahoo.com
Kenneth,,Polani,M,1944-01-06,kenneth.polani@hotmail.com
Kenneth,Eduardo Benjamin,Vincent,M,1992-12-14,kenneth.vincent@murphy.com
Juan Antonio,Troy,Perez,M,1981-12-26,juan.antonio.perez@cameron.com
Elliot,,Crawford,M,1985-05-08,elliot.crawford@hotmail.com
Ettore,Olaf,Wood,M,1984-06-09,ettore.wood@yahoo.com
Diana,Paula,Robles,F,1995-06-23,diana.robles@henry-gregory.com
Meredith,Louise Noa,James,F,1988-07-23,meredith.james@hotmail.com
Elena,Paulo,James,M,1990-04-07,elena.james@gmail.com
Maike,Dorothy,James,F,2018-04-12,maike.james@hotmail.com
Jason,Karina,James,NB,2019-08-25,jason.james@yahoo.com
Lambert,,Najmudin,M,1951-10-10,lambert.najmudin@hotmail.com
José,,Najmudin,F,1949-01-04,josé.najmudin@yahoo.com
Paca,Marleen,Kirby,F,1957-04-19,paca.kirby@adams.org
Tyler,Cristal,Ribeiro,M,2003-03-18,tyler.ribeiro@gmail.com
Rodrigo,Bruno,Galván,M,1970-08-13,rodrigo.galván@sellers.info
James,Sarah,Chacón,NB,1998-03-19,james.chacón@yahoo.com
Ermes,Timothy,Kraushaar,M,1966-09-28,ermes.kraushaar@matthews.com
Mattias,Enzo,Carroll,M,1953-08-07,mattias.carroll@brooks-smith.org
Roman,Jorge,Adams,M,1993-03-12,roman.adams@gmail.com
Christina,Katherine Lea,Nissen,F,1993-09-29,christina.nissen@hotmail.com
Adán,Patrick,Sanchez,M,1994-02-27,adán.sanchez@gmail.com
Saskia,María Teresa,Pratt,F,1952-09-16,saskia.pratt@sandoval.com
Tina,,Soria,F,1991-08-03,tina.soria@hotmail.com
Che,Uberto,Schüler,M,1997-08-26,che.schüler@yahoo.com
María Cristina,Jordana,Reynoso,F,1965-05-18,maría.cristina.reynoso@hotmail.com
Blanca,James,Reynoso,M,1969-08-15,blanca.reynoso@hotmail.com
Lisa,,Reynoso,F,2010-12-05,lisa.reynoso@gmail.com
Marc,Patricia,Svobodová,GQ,1992-12-01,marc.svobodová@nguyen.com
Burkhard,,Price,M,2000-01-23,burkhard.price@yahoo.com
Gian,José,Waller,M,2001-09-04,gian.waller@gmail.com
Carolina,Jorge,Giorgetti,GQ,1981-06-27,carolina.giorgetti@gmail.com
Margaret,Julie Debbie,Poláková,F,1992-11-19,margaret.poláková@richards.biz
Paul,Armando,Ford,M,1988-11-20,paul.ford@gmail.com
Carolina,Rita Maria Clara,Burgos,F,1992-05-27,carolina.burgos@caldwell.com
Glenn,Melchor Juan Francisco,Araújo,M,2001-03-04,glenn.araújo@gmail.com
Cristina,Lindsey Emily,Gámez,F,1992-09-30,cristina.gámez@hotmail.com
Christine,Cathy Júlia,Mota,F,1985-01-26,christine.mota@fox.com
Harry,James Ángel,Valdez,M,1995-07-28,harry.valdez@gmail.com
Michael,Bernard,David,M,1939-05-19,michael.david@yahoo.com
Helen,Sabine,David,F,1940-07-17,helen.david@gmail.com
Geoffrey,Filip,Baeza,M,1995-03-28,geoffrey.baeza@hotmail.com
Aleix,José Mari Thomas,Begum,M,1980-04-21,aleix.begum@young.com
Annegrete,João Guilherme,Bañuelos,NB,1998-10-19,annegrete.bañuelos@hotmail.com
Miguel,Joseph Filippo,Jones,M,1960-11-04,miguel.jones@hotmail.com
Caroline,Lisa,Jones,F,1957-04-26,caroline.jones@hotmail.com
Debra,Klara,Jones,F,2011-06-20,debra.jones@hotmail.com
Daniela,Arnau,Jones,M,2018-03-12,daniela.jones@gmail.com
Francisco,Mark,Elizondo,M,2000-08-22,francisco.elizondo@hotmail.com
Pablo,Angélica María Del Carmen,Tornatore,F,1997-01-06,pablo.tornatore@hotmail.com
Sophie,Felisa,Portmann,F,1989-10-17,sophie.portmann@sharp.com
Eliseo,,Steiger,M,1969-05-13,eliseo.steiger@yahoo.com
Amanda,,Steiger,F,1969-02-04,amanda.steiger@gmail.com
Justin,Antonio,Steiger,M,2017-12-10,justin.steiger@gmail.com
Carl,James,Mcintyre,NA,1983-12-14,carl.mcintyre@huffman-hernandez.biz
Kelsey,Tina Natasha,Barber,F,1974-07-08,kelsey.barber@gmail.com
Laura,,Barber,F,2015-03-28,laura.barber@gmail.com
Abraham,Sean,Barber,M,2018-02-04,abraham.barber@yahoo.com
Antonia,,Rowe,F,1998-06-04,antonia.rowe@gmail.com
Travis,Jared Miriam,Rowe,M,1999-03-19,travis.rowe@yahoo.com
James,Robin,Campbell,M,1998-09-15,james.campbell@gmail.com
Kimberly,,Jackson,F,1980-08-12,kimberly.jackson@yahoo.com
Richard,Albert,Jackson,M,1983-01-06,richard.jackson@gmail.com
Fedele,Jesús,Jackson,M,2013-05-06,fedele.jackson@gmail.com
Gesine,Eufemia,Blanes,F,1953-08-23,gesine.blanes@hotmail.com
Michael,Tage,Blanes,M,1947-11-16,michael.blanes@gmail.com
Isaac,Victor,Davidson,M,1999-05-17,isaac.davidson@yahoo.com
Juan Carlos,Brittany Jessica,Davidson,F,1993-03-31,juan.carlos.davidson@yahoo.com
Angelita,Eugenio,Tejera,F,1970-05-15,angelita.tejera@brooks.com
Alexis,Abraham,Rodrigues,F,1990-10-21,alexis.rodrigues@yahoo.com
Joshua,William,Rodrigues,M,1993-05-12,joshua.rodrigues@hotmail.com
Francesco,Emilia,Sales,M,1990-11-12,francesco.sales@yahoo.com
Carlos,,Hill,M,1974-11-09,carlos.hill@jones.org
Mauro,Aaron Ludvík,Miller,M,1998-04-07,mauro.miller@gmail.com
Türkan,Jasmine Michelle,Miller,F,2001-08-27,türkan.miller@yahoo.com
Rosa,Lorena,Miller,M,1986-04-08,rosa.miller@mann.com
Nil,James,Moreno,T,1982-09-07,nil.moreno@yahoo.com
Kevin,Alexander Trevor,Arcos,M,1994-05-04,kevin.arcos@crosby-barnett.com
Mariano,Brian,Samaniego,M,1980-05-23,mariano.samaniego@yahoo.com
Bernardo,Hilda,Samaniego,F,1982-11-13,bernardo.samaniego@gmail.com
Daniel,Nancy,Samaniego,F,2015-05-15,daniel.samaniego@hotmail.com
Rachel,,Villanueva,F,1988-03-15,rachel.villanueva@gmail.com
Randy,,Villanueva,M,1992-02-05,randy.villanueva@hotmail.com
Sara,Kyle Gregorio,Villanueva,T,2010-07-21,sara.villanueva@gmail.com
Amber,Sara Ángela,Young,F,1950-12-11,amber.young@hotmail.com
Douglas,Mariusz Riley,Young,M,1947-08-16,douglas.young@gmail.com
María Luisa,Amanda,Butler,F,1991-08-01,maría.luisa.butler@gmail.com
Bruna,Nicolas,Marino,T,1993-10-02,bruna.marino@yahoo.com
Elizabeth,Pietra,Kennedy,F,1984-12-23,elizabeth.kennedy@yahoo.com
Ronald,Antonio,Archer,M,1999-10-29,ronald.archer@gmail.com
Claudio,Kelly,Pignatti,T,2004-10-28,claudio.pignatti@hotmail.com
Calogero,Enzo,Negrete,GN,1970-08-26,calogero.negrete@davis.net
Robin,Veronica Caitlin,Mercader,F,1992-06-26,robin.mercader@gmail.com
Becky,Tonya,Marqués,F,1996-06-11,becky.marqués@yahoo.com
Tammy,Agatha,Lopez,F,1989-06-20,tammy.lopez@yahoo.com
Phillip,Daniel,Lopez,M,1986-07-14,phillip.lopez@yahoo.com
Beth,Maximiliano Erin,Lopez,F,2013-12-25,beth.lopez@hotmail.com
Kathleen,Nicolasa,Lopez,F,2019-10-03,kathleen.lopez@hotmail.com
Kristen,Isabel Haley,Lopez,F,2013-12-25,kristen.lopez@yahoo.com
Jeffrey,Michael,Weitzel,M,1997-09-12,jeffrey.weitzel@yahoo.com
Charles,,Mcconnell,M,2000-12-05,charles.mcconnell@gmail.com
Meghan,Maria Sophia Sofía,Carr,F,1952-05-21,meghan.carr@oconnell.info
Neil,Francesco,Battisti,M,1953-10-08,neil.battisti@gmail.com
Itziar,,Egli,F,2000-04-01,itziar.egli@hotmail.com
John,Jorge Luis Michael,Carullo,M,1997-06-03,john.carullo@hotmail.com
Joshua,Julio,Muro,M,1935-02-25,joshua.muro@hotmail.com
Michael,,Veselý,M,1993-01-09,michael.veselý@montes-rivera.com
Benjamin,Jan-Peter,Riehl,M,1988-05-19,benjamin.riehl@rodriguez.com
Paoletta,Chlóe,Buck,F,1982-09-10,paoletta.buck@yahoo.com
Orazio,Brian,Carroll,M,1964-04-14,orazio.carroll@johnson.com
Porfirio,Samantha,da Mata,F,1949-01-09,porfirio.da.mata@gmail.com
Daniel,,da Mata,M,1950-07-08,daniel.da.mata@yahoo.com
Megan,Aldo Josette,Robinson,F,1986-07-20,megan.robinson@dennis.com
Joshua,Shane,George,M,1987-12-31,joshua.george@patel.com
Pedro,Marcos Vinicius Mitchell,Newton,M,1966-05-10,pedro.newton@hood.com
Camille,Cecilia,Turner,F,1987-02-14,camille.turner@hotmail.com
Luiz Felipe,Benny,Ellison,M,1943-10-06,luiz.felipe.ellison@webster.com
Michele,Barbara,Crespo,F,1956-08-14,michele.crespo@hale-chan.com
José Luis,,Smith,M,1980-12-27,josé.luis.smith@gmail.com
John,Kelly,Myers,NA,1986-11-22,john.myers@bell-hartman.com
Cici,Adriana,Williams,F,1986-04-19,cici.williams@torres.com
Camila,Jana,Mena,T,1998-02-23,camila.mena@smith.biz
Ann,Júlia,Sanchez,F,1962-10-26,ann.sanchez@hotmail.com
John,George,Sanchez,M,1963-02-08,john.sanchez@yahoo.com
David,Guido Emiliano,Sanchez,M,2012-08-27,david.sanchez@yahoo.com
Ian,Isaiah Jordi,Hasler,M,1995-03-08,ian.hasler@yahoo.com
Isaiah,Jose,Morales,M,1971-07-02,isaiah.morales@hotmail.com
Noa,,Morales,F,1976-07-18,noa.morales@gmail.com
Rostislav,Martin,Morales,M,2012-05-14,rostislav.morales@yahoo.com
Amanda,Gabrielle Serafina,Morales,F,2011-11-27,amanda.morales@hotmail.com
Antonia,Alfredo,Morales,M,2014-02-25,antonia.morales@hotmail.com
Carla,Caroline,Morales,F,2014-10-25,carla.morales@gmail.com
Dominika,Chelsea,Arnal,F,1949-01-05,dominika.arnal@fischer.info
Erica,Kim,Vlček,NA,2000-05-04,erica.vlček@hotmail.com
Joaquín,Tammy,Cuadrado,F,1983-02-10,joaquín.cuadrado@hotmail.com
Franca,,Ramirez,NB,1997-01-27,franca.ramirez@yahoo.com
Monica,Martani,Dueñas,T,1997-04-03,monica.dueñas@gmail.com
Paul,Howard Edward,Lollobrigida,M,1983-07-02,paul.lollobrigida@yahoo.com
Adriana,Lore,Castro,F,1989-09-24,adriana.castro@yahoo.com
Devi,,Lailasari,F,1977-07-13,devi.lailasari@gmail.com
Angie,Martha Antònia,Moore,F,1998-03-27,angie.moore@hotmail.com
Mary,Barbora,Almeida,NA,1986-12-01,mary.almeida@braun.com
Blake,Tyler,Scott,GN,1992-02-07,blake.scott@buck-watkins.org
Michael,Nicolai,Harris,M,1989-08-01,michael.harris@gmail.com
María Eugenia,Garrett,Harris,M,2012-04-05,maría.eugenia.harris@yahoo.com
Kaitlyn,Concetta,Harris,F,2018-10-10,kaitlyn.harris@hotmail.com
Gunar,William Ludovico,Harris,M,2014-02-16,gunar.harris@gmail.com
Celia,,Kelley,F,1945-04-10,celia.kelley@yahoo.com
Ryan,Thomas,Kelley,M,1941-10-17,ryan.kelley@hotmail.com
Dagmar,Molly,Wells,F,1979-10-21,dagmar.wells@gmail.com
Dylan,Fidel,Carreras,M,1939-09-06,dylan.carreras@yahoo.com
Claudia,Ana,Carreras,F,1943-01-02,claudia.carreras@gmail.com
Javier,Frank,Viana,M,1931-09-28,javier.viana@collier.com
Raharja,,Cunningham,M,1952-10-04,raharja.cunningham@harris.info
Germán,Felix,Taylor,M,1991-05-31,germán.taylor@hotmail.com
Jacob,Clara,Baird,NA,1996-05-12,jacob.baird@hotmail.com
Alexandria,María Teresa,West,F,1987-09-14,alexandria.west@hotmail.com
Andrew,Luis Miguel,Gay,M,1999-09-10,andrew.gay@gmail.com
Stephen,,Thomas,M,1995-09-13,stephen.thomas@hotmail.com
Frida,Václav Blake,Rael,M,1994-07-13,frida.rael@gmail.com
Terry,,Maynard,M,2000-02-26,terry.maynard@baker.com
Aaron,James Thomas,Valenzuela,M,1987-10-30,aaron.valenzuela@gmail.com
Holly,,Procházka,T,1955-12-24,holly.procházka@edwards.com
Donald,,Lynch,M,1942-01-14,donald.lynch@hotmail.com
Kaitlin,Sarah,Rodrigues,F,2002-10-18,kaitlin.rodrigues@gmail.com
Eva,Sílvia,Brooks,F,1984-06-29,eva.brooks@gmail.com
Vittorio,,Perera,NB,1977-09-29,vittorio.perera@johnson-estes.org
Tyler,Juan,Montgomery,M,1990-02-25,tyler.montgomery@gmail.com
Victoria,Luna,Montgomery,F,1992-12-23,victoria.montgomery@hotmail.com
Zelda,April,Montgomery,F,2015-02-14,zelda.montgomery@hotmail.com
Verner,,Smith,M,2000-06-24,verner.smith@williams.net
Mitzy,Margarita Sylvia,Taylor,F,1999-05-18,mitzy.taylor@kemp.com
Xavier,Yolanda,Meza,M,1999-04-24,xavier.meza@gmail.com
Michael,Celal Matthew,Beck,M,2001-01-24,michael.beck@yahoo.com
Marion,María Teresa Noa,Ureña,F,1970-01-03,marion.ureña@duffy-valencia.org
Mark,,Sloan,M,1944-02-04,mark.sloan@gmail.com
Clàudia,Debra Wilfriede,Sloan,F,1942-07-21,clàudia.sloan@hotmail.com
Seline,Lina,Ceja,F,1993-02-01,seline.ceja@flores.com
Scott,Brian,Byrd,M,1991-08-29,scott.byrd@weaver.com
Tecla,Silvana,Rahmawati,F,1988-09-24,tecla.rahmawati@yahoo.com
April,Raquel,Hornich,F,1996-02-08,april.hornich@yahoo.com
Nayeli,Jesus,Uwais,M,1976-10-29,nayeli.uwais@munoz.com
Alexander,James,Seip,M,1993-07-19,alexander.seip@hotmail.com
Debra,Irene Viviana,Kraushaar,F,1968-12-15,debra.kraushaar@moon.biz
Verner,João Guilherme,Thamrin,NB,1981-08-26,verner.thamrin@delgado.com
Dario,Steve,Batista,M,1953-03-09,dario.batista@gmail.com
María Teresa,María,Batista,F,1955-12-27,maría.teresa.batista@hotmail.com
Miguel,Ekaterina Torben,Grimes,NA,1953-11-26,miguel.grimes@hotmail.com
Emanuel,,Grimes,NA,1957-01-25,emanuel.grimes@hotmail.com
Anna,Donna,Sutton,F,1962-09-18,anna.sutton@gmail.com
Justin,,Múgica,M,1977-05-28,justin.múgica@hotmail.com
Roberto,Kimberly,Múgica,F,1976-10-03,roberto.múgica@gmail.com
James,Amelia,Múgica,M,2017-10-22,james.múgica@hotmail.com
Carla,,Coronado,F,1989-02-09,carla.coronado@hotmail.com
Samantha,Núria Rodrigo,Sutton,F,1994-01-12,samantha.sutton@nguyen.com
Michael,Rendy,Sales,M,1956-05-02,michael.sales@petty.com
Angelo,James,Lewis,M,1943-06-09,angelo.lewis@hotmail.com
Theresa,Kristin,Lewis,F,1945-07-26,theresa.lewis@yahoo.com
Omar,Emanuelly Angélica,Vaca,F,1988-05-29,omar.vaca@anderson.biz
Danielle,Sonia,Cadena,F,1986-10-20,danielle.cadena@hotmail.com
Nicole,Tülay Amy,Prada,F,2000-02-19,nicole.prada@key.com
Vicente,Renee,Hunt,F,1990-07-19,vicente.hunt@murphy-moore.com
Teresa,Zeferino,Montes,M,1991-01-01,teresa.montes@yahoo.com
Emigdio,José Luis,Lancisi,M,1979-05-19,emigdio.lancisi@berry-pittman.com
Scott,Georg,Melgar,M,1971-06-11,scott.melgar@gmail.com
Chelsea,Jean,Melgar,F,1971-05-29,chelsea.melgar@yahoo.com
Frances,Hayley Monique,Melgar,F,2017-11-28,frances.melgar@yahoo.com
Michele,,Melgar,F,2019-07-02,michele.melgar@hotmail.com
Wilfrido,,Melgar,M,2011-07-26,wilfrido.melgar@hotmail.com
Lauretta,Elisa Sara,Melgar,F,2016-12-03,lauretta.melgar@gmail.com
Rachel,Reina,French,F,1982-02-18,rachel.french@morrison-martinez.com
Francisco,Anna,auch Schlauchin,F,1983-07-19,francisco.auch.schlauchin@hotmail.com
Erika,Kathleen Gemma,Zúñiga,F,1961-12-18,erika.zúñiga@carpenter.biz
Zenia,,Valero,F,1999-12-07,zenia.valero@gmail.com
Emma,Cindy Paula,Baeza,F,1935-08-17,emma.baeza@hotmail.com
Michael,Eric,Hays,T,1988-10-04,michael.hays@gmail.com
Alicia,Dawn,Rose,F,1966-01-07,alicia.rose@fisher.net
